id,first_name,last_name,email,city
1,Maurise,Shieldon,mshieldon0@squidoo.com,Kax
7,Keven,Paling,kpaling6@alexa.com,Danao
10,Brennan,Matej,bmatej9@umich.edu,Armamar
25,Caryl,Ruberry,cruberryo@smugmug.com,Dolores
854,Nelly,Thurley,nthurleynp@joomla.org,Kax
135,Mechelle,Boam,mboam3q@thetimes.co.uk,London
345,Caitrin,Pitchford,cpitchford9k@earthlink.net,Danao
396,Terry,Stowgill,tstowgillaz@webeden.co.uk,London
520,Andrew,Seabrocke,aseabrockeef@indiegogo.com,London
658,Stephen,Mapstone,smapstonei9@bandcamp.com,London
688,Tiffi,Colbertson,tcolbertsonj3@vimeo.com,London
794,Katee,Gopsall,kgopsallm1@cam.ac.uk,London